metric,selection_rule,trend_period,best_entry_run_n,best_exit_run_m,metric_value,total_return_pct,annual_return_pct,annualized_volatility_pct,sharpe_ratio,max_drawdown_pct,closed_trades,win_rate_pct
annual_return_pct,max,100,1,4,20.957249809408836,541.9589098938768,20.957249809408836,24.443096472685397,0.056732548220010025,42.6729552274065,58,39.6551724137931
annualized_volatility_pct,min,50,8,1,0.0,0.0,0.0,0.0,,0.0,0,0.0
max_drawdown_pct,min,50,8,1,0.0,0.0,0.0,0.0,,0.0,0,0.0
sharpe_ratio,max,100,1,4,0.056732548220010025,541.9589098938768,20.957249809408836,24.443096472685397,0.056732548220010025,42.6729552274065,58,39.6551724137931
total_return_pct,max,100,1,4,541.9589098938768,541.9589098938768,20.957249809408836,24.443096472685397,0.056732548220010025,42.6729552274065,58,39.6551724137931
