category,strategy,entry_run,exit_run,total_return_pct,annual_return_pct,annualized_volatility_pct,sharpe_ratio,max_drawdown_pct,closed_trades,win_rate_pct,buy_hold_return_pct
benchmark,Buy & Hold,,,66.92811058597465,26.036746409130984,23.702764288616144,1.0984687731816916,22.860878561888253,0,,66.92811058597465
strategy,Trend Following,3,2,-9.89327748009791,-4.369589748850455,11.335722936804627,-0.02123012148994586,29.987869109451736,32,28.125,66.92811058597465
strategy,Mean Reversion,4,1,7.357531431867888,3.3785762113812403,6.635101141214313,0.03366333209389877,10.959871836317962,14,71.42857142857143,66.92811058597465
