strategy,entry_run,exit_run,final_value,total_return_pct,annual_return_pct,annualized_volatility_pct,sharpe_ratio,max_drawdown_pct,closed_trades,win_rate_pct,buy_hold_return_pct
Trend Following,3,2,3702399.4837135253,361.15662115648234,13.518114592479952,18.17207978520266,0.04964280137241221,38.553880882986405,378,43.65079365079365,68657.96570502703
Mean Reversion,4,1,92746.32438611545,-7.530211454601747,-0.2640160463982709,10.515931315914472,0.0016864728829524337,34.92572999600449,183,59.56284153005464,68657.96570502703
