metric,selection_rule,trend_period,best_entry_run_n,best_exit_run_m,metric_value,total_return_pct,annual_return_pct,annualized_volatility_pct,sharpe_ratio,max_drawdown_pct,closed_trades,win_rate_pct
annual_return_pct,max,200,1,9,15.34041201340578,406.5188359260707,15.34041201340578,25.1142537651979,0.0437199392190521,62.982227838512934,30,33.33333333333333
annualized_volatility_pct,min,200,9,1,0.0,0.0,0.0,0.0,,0.0,0,0.0
max_drawdown_pct,min,200,9,1,0.0,0.0,0.0,0.0,,0.0,0,0.0
sharpe_ratio,max,200,4,6,0.04560497308833268,377.4942108682121,14.171089247123048,21.49224322783623,0.04560497308833268,49.861445955344095,20,45.0
total_return_pct,max,200,1,9,406.5188359260707,406.5188359260707,15.34041201340578,25.1142537651979,0.0437199392190521,62.982227838512934,30,33.33333333333333
